PDB ID,Chain,Res Name,Res ID,Pre pKa,Cal pKa,Expt pKa,model pKa,Pre pKa shift,Cal pKa shift,Expt pKa shift,|Pre pKa shift|,|Cal pKa shift|,|Expt pKa shift|,Pre - Expt pKa,Cal - Expt pKa,Pre - Cal pKa,|Pre - Expt pKa|,|Cal - Expt pKa|,|Pre - Cal pKa|
1UBQ,A,ASP,21,3.187254905700684,5.745566656551423,3.1,3.7,-0.5127450942993166,2.045566656551423,-0.6000000000000001,0.5127450942993166,2.045566656551423,0.6000000000000001,0.08725490570068395,2.645566656551423,-2.558311750850739,0.08725490570068395,2.645566656551423,2.558311750850739
1TRS,A,ASP,58,2.9348151683807373,4.917307730628966,2.7,3.7,-0.7651848316192629,1.2173077306289657,-1.0,0.7651848316192629,1.2173077306289657,1.0,0.23481516838073713,2.217307730628966,-1.982492562248229,0.23481516838073713,2.217307730628966,1.982492562248229
1CDC,A,ASP,71,3.4749164581298833,3.0212975742888446,3.18,3.7,-0.22508354187011734,-0.6787024257111556,-0.52,0.22508354187011734,0.6787024257111556,0.52,0.2949164581298831,-0.15870242571115556,0.45361888384103866,0.2949164581298831,0.15870242571115556,0.45361888384103866
2QMT,A,ASP,36,4.2227783203125,4.469025589352512,3.8,3.7,0.5227783203124998,0.7690255893525118,0.09999999999999963,0.5227783203124998,0.7690255893525118,0.09999999999999963,0.4227783203125002,0.6690255893525121,-0.24624726904001193,0.4227783203125002,0.6690255893525121,0.24624726904001193
1IGC,A,ASP,52,3.258177757263184,2.697824974831525,3.4,3.7,-0.4418222427368166,-1.0021750251684751,-0.3000000000000003,0.4418222427368166,1.0021750251684751,0.3000000000000003,-0.14182224273681587,-0.7021750251684749,0.560352782431659,0.14182224273681587,0.7021750251684749,0.560352782431659
1EGF,A,ASP,46,2.21741795539856,2.8380545855444907,3.8,3.7,-1.4825820446014406,-0.8619454144555094,0.09999999999999963,1.4825820446014406,0.8619454144555094,0.09999999999999963,-1.5825820446014398,-0.9619454144555091,-0.6206366301459307,1.5825820446014398,0.9619454144555091,0.6206366301459307
1FNA,A,ASP,80,3.5291285514831543,2.9480095051356656,3.4,3.7,-0.17087144851684588,-0.7519904948643346,-0.3000000000000003,0.17087144851684588,0.7519904948643346,0.3000000000000003,0.12912855148315439,-0.4519904948643343,0.5811190463474887,0.12912855148315439,0.4519904948643343,0.5811190463474887
1IGC,A,ASP,45,3.8168036937713614,3.4393064187132394,4.4,3.7,0.11680369377136213,-0.2606935812867608,0.7000000000000002,0.11680369377136213,0.2606935812867608,0.7000000000000002,-0.5831963062286389,-0.960693581286761,0.37749727505812203,0.5831963062286389,0.960693581286761,0.37749727505812203
1GB1,A,ASP,36,4.211433410644531,4.447584600418202,3.8,3.7,0.5114334106445311,0.7475846004182021,0.09999999999999963,0.5114334106445311,0.7475846004182021,0.09999999999999963,0.4114334106445314,0.6475846004182024,-0.236151189773671,0.4114334106445314,0.6475846004182024,0.236151189773671
1HNG,A,ASP,25,3.237305164337158,3.345091165689322,3.53,3.7,-0.46269483566284203,-0.3549088343106783,-0.17000000000000035,0.46269483566284203,0.3549088343106783,0.17000000000000035,-0.2926948356628416,-0.18490883431067795,-0.10778600135216365,0.2926948356628416,0.18490883431067795,0.10778600135216365
1UBQ,A,ASP,39,2.8426406383514404,3.0262550827888512,3.6,3.7,-0.8573593616485597,-0.6737449172111489,-0.10000000000000007,0.8573593616485597,0.6737449172111489,0.10000000000000007,-0.7573593616485597,-0.5737449172111488,-0.18361444443741082,0.7573593616485597,0.5737449172111488,0.18361444443741082
1BNZ,A,ASP,16,2.833371639251709,2.632405801864444,2.62,3.7,-0.8666283607482912,-1.067594198135556,-1.08,0.8666283607482912,1.067594198135556,1.08,0.21337163925170888,0.012405801864443955,0.20096583738726492,0.21337163925170888,0.012405801864443955,0.20096583738726492
1LSE,A,ASP,87,2.7120440006256104,2.023375212249189,2.07,3.7,-0.9879559993743898,-1.6766247877508111,-1.6300000000000003,0.9879559993743898,1.6766247877508111,1.6300000000000003,0.6420440006256105,-0.0466247877508108,0.6886687883764213,0.6420440006256105,0.0466247877508108,0.6886687883764213
1XNB,A,ASP,4,3.616897821426392,3.997544315522597,3.0,3.7,-0.08310217857360858,0.29754431552259675,-0.7000000000000002,0.08310217857360858,0.29754431552259675,0.7000000000000002,0.616897821426392,0.9975443155225969,-0.3806464940962049,0.616897821426392,0.9975443155225969,0.3806464940962049
1BNZ,A,ASP,50,3.5012636184692383,3.268062905442283,3.55,3.7,-0.1987363815307619,-0.4319370945577172,-0.15000000000000036,0.1987363815307619,0.4319370945577172,0.15000000000000036,-0.04873638153076154,-0.28193709455771687,0.23320071302695533,0.04873638153076154,0.28193709455771687,0.23320071302695533
1HNG,A,ASP,28,3.1780893802642822,2.074501813791696,3.57,3.7,-0.521910619735718,-1.6254981862083042,-0.13000000000000034,0.521910619735718,1.6254981862083042,0.13000000000000034,-0.3919106197357176,-1.4954981862083039,1.1035875664725863,0.3919106197357176,1.4954981862083039,1.1035875664725863
1CDC,A,ASP,72,4.101312160491943,4.8027491373439934,4.14,3.7,0.4013121604919432,1.1027491373439933,0.4399999999999995,0.4013121604919432,1.1027491373439933,0.4399999999999995,-0.03868783950805632,0.6627491373439938,-0.7014369768520501,0.03868783950805632,0.6627491373439938,0.7014369768520501
1B2X,A,ASP,8,2.306056022644043,2.7581196267497705,3.1,3.7,-1.3939439773559572,-0.9418803732502296,-0.6000000000000001,1.3939439773559572,0.9418803732502296,0.6000000000000001,-0.7939439773559571,-0.3418803732502296,-0.45206360410572755,0.7939439773559571,0.3418803732502296,0.45206360410572755
1TRS,A,ASP,60,3.812649965286255,2.2474108385546483,3.9,3.7,0.1126499652862547,-1.4525891614453519,0.19999999999999973,0.1126499652862547,1.4525891614453519,0.19999999999999973,-0.08735003471374503,-1.6525891614453516,1.5652391267316066,0.08735003471374503,1.6525891614453516,1.5652391267316066
1XNB,A,ASP,119,3.7232570648193364,3.5685809664129002,3.2,3.7,0.02325706481933576,-0.13141903358709994,-0.5,0.02325706481933576,0.13141903358709994,0.5,0.5232570648193362,0.36858096641290006,0.15467609840643615,0.5232570648193362,0.36858096641290006,0.15467609840643615
1QH7,A,ASP,15,3.731913089752197,1.9531732633901773,3.35,3.7,0.03191308975219709,-1.7468267366098231,-0.3500000000000001,0.03191308975219709,1.7468267366098231,0.3500000000000001,0.38191308975219673,-1.3968267366098228,1.7787398263620195,0.38191308975219673,1.3968267366098228,1.7787398263620195
1IGC,A,ASP,41,4.397897720336913,4.4111815603551765,3.9,3.7,0.6978977203369139,0.7111815603551772,0.19999999999999973,0.6978977203369139,0.7111815603551772,0.19999999999999973,0.49789772033691326,0.5111815603551766,-0.013283840018263326,0.49789772033691326,0.5111815603551766,0.013283840018263326
1DIV,A,ASP,8,3.2371482849121094,2.633844307119838,2.99,3.7,-0.4628517150878908,-1.0661556928801623,-0.71,0.4628517150878908,1.0661556928801623,0.71,0.24714828491210916,-0.35615569288016236,0.6033039777922715,0.24714828491210916,0.35615569288016236,0.6033039777922715
1BVI,B,ASP,29,4.459332942962647,4.4970074786129315,4.26,3.7,0.7593329429626463,0.7970074786129313,0.5599999999999996,0.7593329429626463,0.7970074786129313,0.5599999999999996,0.19933294296264759,0.2370074786129317,-0.03767453565028411,0.19933294296264759,0.2370074786129317,0.03767453565028411
1LNI,A,ASP,17,4.879371643066406,4.568350853872337,3.72,3.7,1.1793716430664059,0.8683508538723368,0.020000000000000014,1.1793716430664059,0.8683508538723368,0.020000000000000014,1.159371643066406,0.8483508538723368,0.3110207891940693,1.159371643066406,0.8483508538723368,0.3110207891940693
1STN,A,ASP,40,2.84550404548645,3.0221662299861425,3.87,3.7,-0.8544959545135501,-0.6778337700138577,0.16999999999999993,0.8544959545135501,0.6778337700138577,0.16999999999999993,-1.02449595451355,-0.8478337700138576,-0.1766621844996923,1.02449595451355,0.8478337700138576,0.1766621844996923
1YGW,A,ASP,66,2.943864583969116,3.2975110559283034,3.9,3.7,-0.7561354160308841,-0.4024889440716968,0.19999999999999973,0.7561354160308841,0.4024889440716968,0.19999999999999973,-0.9561354160308837,-0.6024889440716965,-0.3536464719591872,0.9561354160308837,0.6024889440716965,0.3536464719591872
1LSE,A,ASP,52,4.273858547210693,3.965176200546179,3.68,3.7,0.5738585472106932,0.26517620054617863,-0.020000000000000014,0.5738585472106932,0.26517620054617863,0.020000000000000014,0.5938585472106932,0.28517620054617865,0.30868234666451455,0.5938585472106932,0.28517620054617865,0.30868234666451455
2QMT,A,ASP,40,3.508953094482422,2.9471184668478947,4.0,3.7,-0.1910469055175783,-0.7528815331521055,0.2999999999999998,0.1910469055175783,0.7528815331521055,0.2999999999999998,-0.4910469055175781,-1.0528815331521053,0.5618346276345272,0.4910469055175781,1.0528815331521053,0.5618346276345272
1EX3,A,ASP,194,5.839210033416747,2.034884787040056,2.29,3.7,2.139210033416748,-1.665115212959944,-1.41,2.139210033416748,1.665115212959944,1.41,3.549210033416747,-0.2551152129599439,3.804325246376691,3.549210033416747,0.2551152129599439,3.804325246376691
1CDC,A,ASP,26,2.6683578491210938,3.3733768368704395,3.58,3.7,-1.0316421508789064,-0.32662316312956063,-0.1200000000000001,1.0316421508789064,0.32662316312956063,0.1200000000000001,-0.9116421508789063,-0.20662316312956053,-0.7050189877493458,0.9116421508789063,0.20662316312956053,0.7050189877493458
1EX3,A,ASP,102,2.919116973876953,5.62864696943792,1.36,3.7,-0.780883026123047,1.9286469694379198,-2.34,0.780883026123047,1.9286469694379198,2.34,1.559116973876953,4.26864696943792,-2.709529995560967,1.559116973876953,4.26864696943792,2.709529995560967
1BPI,A,ASP,50,2.801919937133789,2.1401697563311766,3.4,3.7,-0.8980800628662111,-1.5598302436688236,-0.3000000000000003,0.8980800628662111,1.5598302436688236,0.3000000000000003,-0.5980800628662108,-1.2598302436688233,0.6617501808026125,0.5980800628662108,1.2598302436688233,0.6617501808026125
1H4G,B,ASP,90,3.625743865966797,4.227260353939313,3.88,3.7,-0.0742561340332033,0.5272603539393126,0.17999999999999972,0.0742561340332033,0.5272603539393126,0.17999999999999972,-0.254256134033203,0.34726035393931287,-0.6015164879725159,0.254256134033203,0.34726035393931287,0.6015164879725159
1XNB,A,ASP,11,3.059617280960083,3.0283178683687524,2.5,3.7,-0.6403827190399172,-0.6716821316312478,-1.2000000000000002,0.6403827190399172,0.6716821316312478,1.2000000000000002,0.559617280960083,0.5283178683687524,0.03129941259133062,0.559617280960083,0.5283178683687524,0.03129941259133062
1QH7,A,ASP,5,3.505364418029785,3.006141659919469,3.84,3.7,-0.19463558197021505,-0.6938583400805314,0.13999999999999968,0.19463558197021505,0.6938583400805314,0.13999999999999968,-0.3346355819702147,-0.8338583400805311,0.49922275811031636,0.3346355819702147,0.8338583400805311,0.49922275811031636
1EGF,A,ASP,11,3.407447338104248,3.5368070560603417,3.9,3.7,-0.2925526618957521,-0.16319294393965844,0.19999999999999973,0.2925526618957521,0.16319294393965844,0.19999999999999973,-0.49255266189575186,-0.3631929439396582,-0.1293597179560937,0.49255266189575186,0.3631929439396582,0.1293597179560937
1IGC,A,ASP,27,2.515818357467652,1.8435590226833336,2.9,3.7,-1.1841816425323488,-1.8564409773166664,-0.8000000000000003,1.1841816425323488,1.8564409773166664,0.8000000000000003,-0.3841816425323481,-1.0564409773166663,0.6722593347843182,0.3841816425323481,1.0564409773166663,0.6722593347843182
2QMT,A,ASP,46,2.745751142501831,3.0331097016655417,3.6,3.7,-0.9542488574981692,-0.6668902983344585,-0.10000000000000007,0.9542488574981692,0.6668902983344585,0.10000000000000007,-0.854248857498169,-0.5668902983344584,-0.28735855916371067,0.854248857498169,0.5668902983344584,0.28735855916371067
1BVI,B,ASP,49,3.785644054412842,3.763820611296497,4.22,3.7,0.08564405441284162,0.06382061129649674,0.5199999999999996,0.08564405441284162,0.06382061129649674,0.5199999999999996,-0.43435594558715795,-0.45617938870350283,0.021823443116344876,0.43435594558715795,0.45617938870350283,0.021823443116344876
1HNG,A,ASP,62,5.139009475708008,5.455510402307444,4.15,3.7,1.4390094757080076,1.7555104023074437,0.4500000000000002,1.4390094757080076,1.7555104023074437,0.4500000000000002,0.9890094757080075,1.3055104023074433,-0.31650092659943585,0.9890094757080075,1.3055104023074433,0.31650092659943585
1KF3,A,ASP,121,3.945734024047852,2.5108766955369464,3.0,3.7,0.24573402404785136,-1.1891233044630538,-0.7000000000000002,0.24573402404785136,1.1891233044630538,0.7000000000000002,0.945734024047852,-0.48912330446305363,1.4348573285109056,0.945734024047852,0.48912330446305363,1.4348573285109056
1BI6,H,ASP,13,3.1713762283325195,3.316484957427986,3.8,3.7,-0.5286237716674806,-0.38351504257201396,0.09999999999999963,0.5286237716674806,0.38351504257201396,0.09999999999999963,-0.6286237716674803,-0.4835150425720136,-0.14510872909546668,0.6286237716674803,0.4835150425720136,0.14510872909546668
1TRS,A,ASP,16,4.452001094818115,4.051450177771502,4.2,3.7,0.7520010948181151,0.3514501777715022,0.5,0.7520010948181151,0.3514501777715022,0.5,0.25200109481811506,-0.14854982222849777,0.40055091704661283,0.25200109481811506,0.14854982222849777,0.40055091704661283
1ERT,A,ASP,26,7.641218185424805,7.95893033763333,9.9,3.7,3.941218185424805,4.2589303376333305,6.2,3.941218185424805,4.2589303376333305,6.2,-2.2587818145751957,-1.9410696623666706,-0.3177121522085251,2.2587818145751957,1.9410696623666706,0.3177121522085251
1KF3,A,ASP,38,2.8970022201538086,2.813888844231456,2.1,3.7,-0.8029977798461916,-0.8861111557685444,-1.6,0.8029977798461916,0.8861111557685444,1.6,0.7970022201538085,0.7138888442314557,0.0831133759223528,0.7970022201538085,0.7138888442314557,0.0831133759223528
135L,A,ASP,18,2.5959935188293457,1.3994160116751146,2.68,3.7,-1.1040064811706545,-2.3005839883248846,-1.02,1.1040064811706545,2.3005839883248846,1.02,-0.08400648117065446,-1.2805839883248855,1.196577507154231,0.08400648117065446,1.2805839883248855,1.196577507154231
1LNI,A,ASP,79,4.989680290222168,5.363442178639255,7.37,3.7,1.2896802902221678,1.6634421786392553,3.67,1.2896802902221678,1.6634421786392553,3.67,-2.380319709777832,-2.0065578213607447,-0.37376188841708746,2.380319709777832,2.0065578213607447,0.37376188841708746
1IG5,A,ASP,47,3.0942287445068364,3.7243543940244783,3.04,3.7,-0.6057712554931642,0.024354394024478143,-0.6600000000000001,0.6057712554931642,0.024354394024478143,0.6600000000000001,0.054228744506836346,0.6843543940244783,-0.6301256495176419,0.054228744506836346,0.6843543940244783,0.6301256495176419
1CDC,A,ASP,62,3.4183878898620605,3.686429132574651,4.15,3.7,-0.28161211013793963,-0.013570867425348965,0.4500000000000002,0.28161211013793963,0.013570867425348965,0.4500000000000002,-0.7316121101379398,-0.46357086742534914,-0.26804124271259067,0.7316121101379398,0.46357086742534914,0.26804124271259067
1ERT,A,ASP,61,4.315611839294434,4.076540186375515,5.3,3.7,0.6156118392944334,0.3765401863755145,1.5999999999999996,0.6156118392944334,0.3765401863755145,1.5999999999999996,-0.9843881607055662,-1.2234598136244852,0.23907165291891896,0.9843881607055662,1.2234598136244852,0.23907165291891896
1BVI,B,ASP,66,3.1125221252441406,3.026491854130204,3.9,3.7,-0.5874778747558596,-0.6735081458697962,0.19999999999999973,0.5874778747558596,0.6735081458697962,0.19999999999999973,-0.7874778747558593,-0.873508145869796,0.08603027111393668,0.7874778747558593,0.873508145869796,0.08603027111393668
1BI6,H,ASP,32,2.842124938964844,3.053796516504916,3.1,3.7,-0.8578750610351564,-0.6462034834950843,-0.6000000000000001,0.8578750610351564,0.6462034834950843,0.6000000000000001,-0.2578750610351559,-0.046203483495084186,-0.2116715775400717,0.2578750610351559,0.046203483495084186,0.2116715775400717
1HNG,A,ASP,72,3.882432222366333,4.1857177044190985,4.14,3.7,0.18243222236633286,0.4857177044190984,0.4399999999999995,0.18243222236633286,0.4857177044190984,0.4399999999999995,-0.2575677776336667,0.04571770441909884,-0.3032854820527655,0.2575677776336667,0.04571770441909884,0.3032854820527655
1UBQ,A,ASP,32,3.83156156539917,4.079748774501923,3.8,3.7,0.13156156539916974,0.3797487745019232,0.09999999999999963,0.13156156539916974,0.3797487745019232,0.09999999999999963,0.0315615653991701,0.2797487745019236,-0.2481872091027535,0.0315615653991701,0.2797487745019236,0.2481872091027535
1B2X,A,ASP,86,3.4173672199249268,3.159099622880585,4.2,3.7,-0.2826327800750734,-0.540900377119415,0.5,0.2826327800750734,0.540900377119415,0.5,-0.7826327800750734,-1.040900377119415,0.25826759704434155,0.7826327800750734,1.040900377119415,0.25826759704434155
1CDC,A,ASP,94,3.0547118186950684,3.059791011341681,3.87,3.7,-0.6452881813049318,-0.6402089886583191,0.16999999999999993,0.6452881813049318,0.6402089886583191,0.16999999999999993,-0.8152881813049317,-0.810208988658319,-0.005079192646612718,0.8152881813049317,0.810208988658319,0.005079192646612718
4ICB,A,ASP,47,2.901026725769043,2.688004146486913,3.04,3.7,-0.7989732742309572,-1.011995853513087,-0.6600000000000001,0.7989732742309572,1.011995853513087,0.6600000000000001,-0.13897327423095707,-0.35199585351308693,0.21302257928212986,0.13897327423095707,0.35199585351308693,0.21302257928212986
1YGW,A,ASP,15,4.288846969604491,2.7875825124478464,3.52,3.7,0.588846969604492,-0.9124174875521538,-0.18000000000000016,0.588846969604492,0.9124174875521538,0.18000000000000016,0.7688469696044913,-0.7324174875521536,1.501264457156645,0.7688469696044913,0.7324174875521536,1.501264457156645
1LNI,A,ASP,93,3.8353521823883057,3.4774267577806364,3.09,3.7,0.1353521823883055,-0.2225732422193638,-0.6100000000000003,0.1353521823883055,0.2225732422193638,0.6100000000000003,0.7453521823883058,0.3874267577806365,0.3579254246076693,0.7453521823883058,0.3874267577806365,0.3579254246076693
1BNI,B,ASP,8,2.7719290256500244,2.8677272412085624,3.1,3.7,-0.9280709743499758,-0.8322727587914378,-0.6000000000000001,0.9280709743499758,0.8322727587914378,0.6000000000000001,-0.3280709743499757,-0.23227275879143772,-0.09579821555853796,0.3280709743499757,0.23227275879143772,0.09579821555853796
1DIV,A,ASP,23,3.3044865131378174,3.061467842269628,3.05,3.7,-0.3955134868621828,-0.6385321577303721,-0.6500000000000004,0.3955134868621828,0.6385321577303721,0.6500000000000004,0.25448651313781756,0.011467842269628381,0.24301867086818918,0.25448651313781756,0.011467842269628381,0.24301867086818918
1UBQ,A,ASP,58,2.7902235984802246,2.7170380829522816,3.6,3.7,-0.9097764015197756,-0.9829619170477186,-0.10000000000000007,0.9097764015197756,0.9829619170477186,0.10000000000000007,-0.8097764015197755,-0.8829619170477185,0.07318551552794306,0.8097764015197755,0.8829619170477185,0.07318551552794306
1TRS,A,ASP,20,2.881007432937622,3.038373747075502,3.8,3.7,-0.8189925670623781,-0.6616262529244992,0.09999999999999963,0.8189925670623781,0.6616262529244992,0.09999999999999963,-0.9189925670623778,-0.7616262529244979,-0.15736631413787983,0.9189925670623778,0.7616262529244979,0.15736631413787983
1A91,A,ASP,61,4.581637382507324,4.581524936601476,7.1,3.7,0.881637382507324,0.8815249366014761,3.3999999999999995,0.881637382507324,0.8815249366014761,3.3999999999999995,-2.5183626174926754,-2.5184750633985233,0.00011244590584791325,2.5183626174926754,2.5184750633985233,0.00011244590584791325
1LZ3,A,ASP,119,2.5218005180358887,1.7809502493041132,3.35,3.7,-1.1781994819641115,-1.919049750695887,-0.3500000000000001,1.1781994819641115,1.919049750695887,0.3500000000000001,-0.8281994819641114,-1.569049750695887,0.7408502687317755,0.8281994819641114,1.569049750695887,0.7408502687317755
1BNI,B,ASP,86,3.9542627334594727,3.3515760549503546,4.2,3.7,0.2542627334594725,-0.3484239450496456,0.5,0.2542627334594725,0.3484239450496456,0.5,-0.24573726654052752,-0.8484239450496456,0.6026866785091181,0.24573726654052752,0.8484239450496456,0.6026866785091181
1BI6,H,ASP,38,3.4510385990142822,3.944971168311116,3.7,3.7,-0.24896140098571795,0.24497116831111576,0.0,0.24896140098571795,0.24497116831111576,0.0,-0.24896140098571795,0.24497116831111576,-0.4939325692968337,0.24896140098571795,0.24497116831111576,0.4939325692968337
1YGW,A,ASP,3,3.2474668025970463,2.76310432537822,3.54,3.7,-0.4525331974029543,-0.93689567462178,-0.16000000000000014,0.4525331974029543,0.93689567462178,0.16000000000000014,-0.2925331974029537,-0.7768956746217799,0.4843624772188262,0.2925331974029537,0.7768956746217799,0.4843624772188262
1LSE,A,ASP,18,3.0160236358642583,2.032886214766136,2.66,3.7,-0.6839763641357424,-1.6671137852338642,-1.04,0.6839763641357424,1.6671137852338642,1.04,0.3560236358642581,-0.6271137852338642,0.9831374210981223,0.3560236358642581,0.6271137852338642,0.9831374210981223
1HNG,A,ASP,2,3.2094876766204834,3.2339978471742614,3.55,3.7,-0.4905123233795168,-0.4660021528257388,-0.15000000000000036,0.4905123233795168,0.4660021528257388,0.15000000000000036,-0.3405123233795164,-0.3160021528257384,-0.02451017055377802,0.3405123233795164,0.3160021528257384,0.02451017055377802
1IGC,A,ASP,51,2.4131011962890625,2.94794785302706,3.6,3.7,-1.2868988037109377,-0.7520521469729404,-0.10000000000000007,1.2868988037109377,0.7520521469729404,0.10000000000000007,-1.1868988037109376,-0.6520521469729399,-0.5348466567379977,1.1868988037109376,0.6520521469729399,0.5348466567379977
1TRS,A,ASP,64,2.5178911685943604,2.716151620981164,3.2,3.7,-1.1821088314056398,-0.9838483790188364,-0.5,1.1821088314056398,0.9838483790188364,0.5,-0.6821088314056398,-0.48384837901883637,-0.19826045238680345,0.6821088314056398,0.48384837901883637,0.19826045238680345
1TRS,A,ASP,61,4.1257195472717285,3.7410343930104064,5.2,3.7,0.4257195472717283,0.04103439301040624,1.5,0.4257195472717283,0.04103439301040624,1.5,-1.0742804527282717,-1.4589656069895938,0.3846851542613221,1.0742804527282717,1.4589656069895938,0.3846851542613221
1B2X,A,ASP,44,4.167021751403809,3.9702824351897377,3.6,3.7,0.4670217514038084,0.2702824351897375,-0.10000000000000007,0.4670217514038084,0.2702824351897375,0.10000000000000007,0.5670217514038085,0.3702824351897376,0.19673931621407093,0.5670217514038085,0.3702824351897376,0.19673931621407093
1HNG,A,ASP,26,3.237846851348877,3.1280032634688104,3.58,3.7,-0.4621531486511232,-0.5719967365311898,-0.1200000000000001,0.4621531486511232,0.5719967365311898,0.1200000000000001,-0.3421531486511231,-0.45199673653118966,0.10984358788006654,0.3421531486511231,0.45199673653118966,0.10984358788006654
1SAP,A,ASP,56,3.05517840385437,3.573800292354666,3.35,3.7,-0.6448215961456301,-0.12619970764533406,-0.3500000000000001,0.6448215961456301,0.12619970764533406,0.3500000000000001,-0.29482159614562997,0.22380029235466603,-0.518621888500296,0.29482159614562997,0.22380029235466603,0.518621888500296
1H4G,B,ASP,12,3.0091774463653564,3.2754184128511383,3.94,3.7,-0.6908225536346437,-0.42458158714886185,0.23999999999999974,0.6908225536346437,0.42458158714886185,0.23999999999999974,-0.9308225536346435,-0.6645815871488616,-0.2662409664857819,0.9308225536346435,0.6645815871488616,0.2662409664857819
1LNI,A,ASP,1,3.5777502059936523,4.183682954365121,3.44,3.7,-0.12224979400634785,0.4836829543651211,-0.26000000000000023,0.12224979400634785,0.4836829543651211,0.26000000000000023,0.1377502059936524,0.7436829543651213,-0.6059327483714689,0.1377502059936524,0.7436829543651213,0.6059327483714689
1BPI,A,ASP,3,2.51289176940918,3.039456736264804,3.0,3.7,-1.1871082305908205,-0.6605432637351961,-0.7000000000000002,1.1871082305908205,0.6605432637351961,0.7000000000000002,-0.48710823059081987,0.03945673626480417,-0.526564966855624,0.48710823059081987,0.03945673626480417,0.526564966855624
1A91,A,ASP,7,4.193949222564696,4.4490814752255545,5.6,3.7,0.4939492225646971,0.7490814752255543,1.8999999999999997,0.4939492225646971,0.7490814752255543,1.8999999999999997,-1.4060507774353033,-1.1509185247744451,-0.25513225266085815,1.4060507774353033,1.1509185247744451,0.25513225266085815
1ERT,A,ASP,58,3.7204556465148926,4.702285722258932,3.1,3.7,0.0204556465148924,1.0022857222589314,-0.6000000000000001,0.0204556465148924,1.0022857222589314,0.6000000000000001,0.6204556465148925,1.6022857222589315,-0.981830075744039,0.6204556465148925,1.6022857222589315,0.981830075744039
1ERT,A,ASP,64,2.727123975753784,2.732596934652708,3.1,3.7,-0.972876024246216,-0.967403065347292,-0.6000000000000001,0.972876024246216,0.967403065347292,0.6000000000000001,-0.3728760242462159,-0.36740306534729195,-0.005472958898923963,0.3728760242462159,0.36740306534729195,0.005472958898923963
1HNG,A,ASP,71,3.406057596206665,2.9246415902215657,3.18,3.7,-0.29394240379333514,-0.7753584097784345,-0.52,0.29394240379333514,0.7753584097784345,0.52,0.22605759620666488,-0.2553584097784345,0.48141600598509937,0.22605759620666488,0.2553584097784345,0.48141600598509937
1SAP,A,ASP,49,3.726456642150879,3.1833886349631464,3.55,3.7,0.026456642150878732,-0.5166113650368538,-0.15000000000000036,0.026456642150878732,0.5166113650368538,0.15000000000000036,0.17645664215087908,-0.36661136503685343,0.5430680071877325,0.17645664215087908,0.36661136503685343,0.5430680071877325
1GB1,A,ASP,46,2.755627155303955,2.971203062336897,3.6,3.7,-0.9443728446960452,-0.7287969376631032,-0.10000000000000007,0.9443728446960452,0.7287969376631032,0.10000000000000007,-0.844372844696045,-0.6287969376631031,-0.21557590703294194,0.844372844696045,0.6287969376631031,0.21557590703294194
2IGH,A,ASP,41,3.855848550796509,4.224963237373072,3.9,3.7,0.1558485507965086,0.5249632373730719,0.19999999999999973,0.1558485507965086,0.5249632373730719,0.19999999999999973,-0.04415144920349112,0.3249632373730722,-0.3691146865765633,0.04415144920349112,0.3249632373730722,0.3691146865765633
1LSE,A,ASP,48,2.760316133499145,1.9085270309101965,1.6,3.7,-0.9396838665008548,-1.7914729690898037,-2.1,0.9396838665008548,1.7914729690898037,2.1,1.160316133499145,0.3085270309101964,0.8517891025889486,1.160316133499145,0.3085270309101964,0.8517891025889486
1YPH,C,ASP,102,2.826240062713623,3.66549832397414,2.77,3.7,-0.8737599372863771,-0.034501676025860295,-0.9300000000000002,0.8737599372863771,0.034501676025860295,0.9300000000000002,0.05624006271362303,0.8954983239741399,-0.8392582612605168,0.05624006271362303,0.8954983239741399,0.8392582612605168
2IGH,A,ASP,52,3.0312838554382324,3.7498431872485103,3.4,3.7,-0.6687161445617678,0.04984318724851011,-0.3000000000000003,0.6687161445617678,0.04984318724851011,0.3000000000000003,-0.3687161445617675,0.3498431872485104,-0.7185593318102779,0.3687161445617675,0.3498431872485104,0.7185593318102779
1BVI,B,ASP,3,3.8513994216918954,3.0815813620517085,3.54,3.7,0.15139942169189435,-0.6184186379482917,-0.16000000000000014,0.15139942169189435,0.6184186379482917,0.16000000000000014,0.3113994216918954,-0.4584186379482915,0.7698180596401869,0.3113994216918954,0.4584186379482915,0.7698180596401869
1CDC,A,ASP,28,2.900068759918213,3.1661149669541166,3.57,3.7,-0.7999312400817873,-0.5338850330458835,-0.13000000000000034,0.7999312400817873,0.5338850330458835,0.13000000000000034,-0.669931240081787,-0.4038850330458832,-0.26604620703590376,0.669931240081787,0.4038850330458832,0.26604620703590376
1B2X,A,ASP,12,3.9087119102478023,3.756171381235163,3.8,3.7,0.20871191024780256,0.05617138123516297,0.09999999999999963,0.20871191024780256,0.05617138123516297,0.09999999999999963,0.10871191024780247,-0.04382861876483668,0.15254052901263915,0.10871191024780247,0.04382861876483668,0.15254052901263915
1GB1,A,ASP,40,4.101142406463623,3.2501800709995003,4.0,3.7,0.4011424064636229,-0.44981992900049983,0.2999999999999998,0.4011424064636229,0.44981992900049983,0.2999999999999998,0.10114240646362305,-0.7498199290004997,0.8509623354641227,0.10114240646362305,0.7498199290004997,0.8509623354641227
1LZ3,A,ASP,52,4.733053207397461,4.450437967842111,3.78,3.7,1.0330532073974608,0.7504379678421111,0.07999999999999963,1.0330532073974608,0.7504379678421111,0.07999999999999963,0.9530532073974611,0.6704379678421115,0.2826152395553496,0.9530532073974611,0.6704379678421115,0.2826152395553496
2OVO,A,ASP,7,2.788307905197144,2.665213276512912,2.67,3.7,-0.9116920948028566,-1.034786723487088,-1.0300000000000002,0.9116920948028566,1.034786723487088,1.0300000000000002,0.11830790519714407,-0.004786723487087752,0.12309462868423182,0.11830790519714407,0.004786723487087752,0.12309462868423182
1GB1,A,ASP,47,3.7311315536499023,2.8305263128569584,3.4,3.7,0.03113155364990217,-0.8694736871430417,-0.3000000000000003,0.03113155364990217,0.8694736871430417,0.3000000000000003,0.33113155364990243,-0.5694736871430415,0.9006052407929439,0.33113155364990243,0.5694736871430415,0.9006052407929439
1B2X,A,ASP,75,3.378473281860352,3.9917450547947633,3.1,3.7,-0.3215267181396486,0.2917450547947631,-0.6000000000000001,0.3215267181396486,0.2917450547947631,0.6000000000000001,0.2784732818603519,0.8917450547947632,-0.6132717729344113,0.2784732818603519,0.8917450547947632,0.6132717729344113
1ERT,A,ASP,60,4.000903129577637,2.5224103335216137,4.2,3.7,0.3009031295776365,-1.1775896664783865,0.5,0.3009031295776365,1.1775896664783865,0.5,-0.19909687042236346,-1.6775896664783865,1.478492796056023,0.19909687042236346,1.6775896664783865,1.478492796056023
1DE3,A,ASP,59,2.9902238845825195,3.0620042687697224,4.1,3.7,-0.7097761154174806,-0.6379957312302778,0.39999999999999947,0.7097761154174806,0.6379957312302778,0.39999999999999947,-1.1097761154174801,-1.0379957312302772,-0.0717803841872029,1.1097761154174801,1.0379957312302772,0.0717803841872029
1SAP,A,ASP,35,3.39280366897583,2.3293133505261685,3.42,3.7,-0.3071963310241701,-1.3706866494738317,-0.28000000000000025,0.3071963310241701,1.3706866494738317,0.28000000000000025,-0.02719633102416985,-1.0906866494738314,1.0634903184496616,0.02719633102416985,1.0906866494738314,1.0634903184496616
1QH7,A,ASP,21,2.804640769958496,2.641023658951648,3.46,3.7,-0.8953592300415041,-1.0589763410483521,-0.2400000000000002,0.8953592300415041,1.0589763410483521,0.2400000000000002,-0.6553592300415039,-0.8189763410483519,0.16361711100684806,0.6553592300415039,0.8189763410483519,0.16361711100684806
1SAP,A,ASP,16,1.9952658414840696,2.1407267409145034,2.89,3.7,-1.7047341585159304,-1.5592732590854967,-0.81,1.7047341585159304,1.5592732590854967,0.81,-0.8947341585159305,-0.7492732590854967,-0.14546089943043383,0.8947341585159305,0.7492732590854967,0.14546089943043383
1HIC,A,ASP,5,2.7257964611053467,3.5676507271667006,4.25,3.7,-0.9742035388946536,-0.13234927283329956,0.5499999999999998,0.9742035388946536,0.13234927283329956,0.5499999999999998,-1.5242035388946533,-0.6823492728332994,-0.8418542660613539,1.5242035388946533,0.6823492728332994,0.8418542660613539
1UBQ,A,ASP,52,2.3769910335540767,1.027913566605795,3.4,3.7,-1.3230089664459228,-2.672086433394205,-0.3000000000000003,1.3230089664459228,2.672086433394205,0.3000000000000003,-1.0230089664459232,-2.372086433394205,1.3490774669482817,1.0230089664459232,2.372086433394205,1.3490774669482817
1CDC,A,ASP,25,3.0626509189605717,3.3878217255564342,3.53,3.7,-0.6373490810394289,-0.31217827444356594,-0.17000000000000035,0.6373490810394289,0.31217827444356594,0.17000000000000035,-0.46734908103942807,-0.14217827444356557,-0.3251708065958625,0.46734908103942807,0.14217827444356557,0.3251708065958625
2ZTA,A,ASP,7,3.853591918945313,3.8869194431915153,3.48,3.7,0.15359191894531232,0.1869194431915151,-0.2200000000000002,0.15359191894531232,0.1869194431915151,0.2200000000000002,0.37359191894531296,0.4069194431915153,-0.033327524246202334,0.37359191894531296,0.4069194431915153,0.033327524246202334
1BI6,H,ASP,9,3.02506685256958,3.83293252337581,3.0,3.7,-0.6749331474304201,0.13293252337580966,-0.7000000000000002,0.6749331474304201,0.13293252337580966,0.7000000000000002,0.025066852569580078,0.8329325233758098,-0.8078656708062297,0.025066852569580078,0.8329325233758098,0.8078656708062297
2IGH,A,ASP,51,2.638390302658081,2.4017294207062205,3.6,3.7,-1.0616096973419191,-1.2982705792937796,-0.10000000000000007,1.0616096973419191,1.2982705792937796,0.10000000000000007,-0.961609697341919,-1.1982705792937796,0.23666088195186052,0.961609697341919,1.1982705792937796,0.23666088195186052
1QH7,A,ASP,90,3.642127513885498,3.793865628710487,3.88,3.7,-0.057872486114502124,0.09386562871048687,0.17999999999999972,0.057872486114502124,0.09386562871048687,0.17999999999999972,-0.23787248611450185,-0.08613437128951285,-0.151738114824989,0.23787248611450185,0.08613437128951285,0.151738114824989
1H4G,B,ASP,5,3.575608491897583,3.0202015443425005,3.84,3.7,-0.12439150810241716,-0.6797984556574996,0.13999999999999968,0.12439150810241716,0.6797984556574996,0.13999999999999968,-0.26439150810241685,-0.8197984556574993,0.5554069475550825,0.26439150810241685,0.8197984556574993,0.5554069475550825
1DE3,A,ASP,57,3.408410787582397,2.7627707603737988,4.3,3.7,-0.2915892124176027,-0.9372292396262014,0.5999999999999996,0.2915892124176027,0.9372292396262014,0.5999999999999996,-0.8915892124176028,-1.537229239626201,0.6456400272085983,0.8915892124176028,1.537229239626201,0.6456400272085983
1DE3,A,ASP,9,3.3562493324279785,1.979276424933151,3.9,3.7,-0.3437506675720217,-1.7207235750668493,0.19999999999999973,0.3437506675720217,1.7207235750668493,0.19999999999999973,-0.5437506675720214,-1.920723575066849,1.3769729074948276,0.5437506675720214,1.920723575066849,1.3769729074948276
1LZ3,A,ASP,18,2.3899104595184326,1.4246441291367402,2.68,3.7,-1.3100895404815676,-2.2753558708632595,-1.02,1.3100895404815676,2.2753558708632595,1.02,-0.29008954048156754,-1.25535587086326,0.9652663303816924,0.29008954048156754,1.25535587086326,0.9652663303816924
1BHC,J,ASP,3,3.0443952083587646,3.0786162554183933,3.0,3.7,-0.6556047916412355,-0.6213837445816068,-0.7000000000000002,0.6556047916412355,0.6213837445816068,0.7000000000000002,0.04439520835876465,0.07861625541839334,-0.034221047059628695,0.04439520835876465,0.07861625541839334,0.034221047059628695
1A91,A,ASP,44,3.2403407096862797,3.7697055885169495,5.6,3.7,-0.4596592903137209,0.0697055885169493,1.8999999999999997,0.4596592903137209,0.0697055885169493,1.8999999999999997,-2.35965929031372,-1.8302944114830502,-0.5293648788306697,2.35965929031372,1.8302944114830502,0.5293648788306697
1HIC,A,ASP,33,2.9326562881469727,3.84277898193745,4.24,3.7,-0.7673437118530275,0.14277898193744987,0.54,0.7673437118530275,0.14277898193744987,0.54,-1.3073437118530276,-0.39722101806255017,-0.9101226937904774,1.3073437118530276,0.39722101806255017,0.9101226937904774
1BNI,B,ASP,12,4.124585151672363,4.017384296916166,3.8,3.7,0.4245851516723631,0.31738429691616604,0.09999999999999963,0.4245851516723631,0.31738429691616604,0.09999999999999963,0.32458515167236346,0.21738429691616634,0.10720085475619712,0.32458515167236346,0.21738429691616634,0.10720085475619712
1FNA,A,ASP,67,2.6007468700408936,3.509726930978829,4.2,3.7,-1.0992531299591066,-0.19027306902117136,0.5,1.0992531299591066,0.19027306902117136,0.5,-1.5992531299591066,-0.6902730690211714,-0.9089800609379353,1.5992531299591066,0.6902730690211714,0.9089800609379353
2QMT,A,ASP,22,2.2954204082489014,2.0900363950011984,2.9,3.7,-1.4045795917510988,-1.6099636049988018,-0.8000000000000003,1.4045795917510988,1.6099636049988018,0.8000000000000003,-0.6045795917510985,-0.8099636049988015,0.20538401324770295,0.6045795917510985,0.8099636049988015,0.20538401324770295
2IGH,A,ASP,45,4.2816381454467765,3.2140838474073496,4.4,3.7,0.5816381454467772,-0.4859161525926505,0.7000000000000002,0.5816381454467772,0.4859161525926505,0.7000000000000002,-0.1183618545532239,-1.1859161525926507,1.0675542980394268,0.1183618545532239,1.1859161525926507,1.0675542980394268
1DE3,A,ASP,109,2.909165382385254,2.8676061607532346,3.7,3.7,-0.7908346176147463,-0.8323938392467656,0.0,0.7908346176147463,0.8323938392467656,0.0,-0.7908346176147463,-0.8323938392467656,0.041559221632019305,0.7908346176147463,0.8323938392467656,0.041559221632019305
1BNZ,A,ASP,35,2.936192989349365,1.868446939568453,2.67,3.7,-0.7638070106506349,-1.8315530604315469,-1.0300000000000002,0.7638070106506349,1.8315530604315469,1.0300000000000002,0.26619298934936486,-0.8015530604315468,1.0677460497809117,0.26619298934936486,0.8015530604315468,1.0677460497809117
1H4G,B,ASP,21,2.872312068939209,2.728104062242899,3.46,3.7,-0.8276879310607912,-0.9718959377571011,-0.2400000000000002,0.8276879310607912,0.9718959377571011,0.2400000000000002,-0.587687931060791,-0.731895937757101,0.14420800669631006,0.587687931060791,0.731895937757101,0.14420800669631006
2OVO,A,ASP,27,3.123021364212036,4.958878794076862,2.3,3.7,-0.576978635787964,1.2588787940768622,-1.4000000000000004,0.576978635787964,1.2588787940768622,1.4000000000000004,0.8230213642120363,2.6588787940768626,-1.8358574298648263,0.8230213642120363,2.6588787940768626,1.8358574298648263
1XNB,A,ASP,121,3.2486472129821777,3.3404613048286644,3.6,3.7,-0.4513527870178224,-0.3595386951713357,-0.10000000000000007,0.4513527870178224,0.3595386951713357,0.10000000000000007,-0.35135278701782235,-0.25953869517133565,-0.0918140918464867,0.35135278701782235,0.25953869517133565,0.0918140918464867
1XNB,A,ASP,106,5.015059471130371,3.5583842171987117,2.7,3.7,1.3150594711303707,-0.1416157828012885,-1.0,1.3150594711303707,0.1416157828012885,1.0,2.315059471130371,0.8583842171987115,1.4566752539316594,2.315059471130371,0.8583842171987115,1.4566752539316594
1BNI,B,ASP,44,3.2315549850463867,3.8289580295235233,3.6,3.7,-0.4684450149536135,0.1289580295235231,-0.10000000000000007,0.4684450149536135,0.1289580295235231,0.10000000000000007,-0.36844501495361337,0.22895802952352318,-0.5974030444771365,0.36844501495361337,0.22895802952352318,0.5974030444771365
2QMT,A,ASP,47,3.2367031574249268,2.5660981996786947,3.4,3.7,-0.4632968425750734,-1.1339018003213055,-0.3000000000000003,0.4632968425750734,1.1339018003213055,0.3000000000000003,-0.16329684257507315,-0.8339018003213052,0.6706049577462321,0.16329684257507315,0.8339018003213052,0.6706049577462321
1SAP,A,ASP,36,3.1253964900970463,2.9672459476975184,3.12,3.7,-0.5746035099029543,-0.7327540523024818,-0.5800000000000001,0.5746035099029543,0.7327540523024818,0.5800000000000001,0.005396490097046236,-0.15275405230248174,0.15815054239952797,0.005396490097046236,0.15275405230248174,0.15815054239952797
2IGH,A,ASP,27,2.5301427841186523,2.023994717616536,2.9,3.7,-1.1698572158813478,-1.676005282383464,-0.8000000000000003,1.1698572158813478,1.676005282383464,0.8000000000000003,-0.36985721588134757,-0.8760052823834639,0.5061480665021163,0.36985721588134757,0.8760052823834639,0.5061480665021163
1DE3,A,ASP,75,2.3697497844696045,2.4318125881212524,3.9,3.7,-1.3302502155303957,-1.2681874118787475,0.19999999999999973,1.3302502155303957,1.2681874118787475,0.19999999999999973,-1.5302502155303954,-1.4681874118787475,-0.06206280365164796,1.5302502155303954,1.4681874118787475,0.06206280365164796
1BNI,B,ASP,22,3.4043428897857666,3.397607885160467,3.3,3.7,-0.2956571102142336,-0.3023921148395332,-0.4000000000000004,0.2956571102142336,0.3023921148395332,0.4000000000000004,0.10434288978576678,0.09760788516046714,0.006735004625299634,0.10434288978576678,0.09760788516046714,0.006735004625299634
1B2X,A,ASP,22,2.787683486938477,3.728281206313657,3.3,3.7,-0.9123165130615236,0.028281206313656607,-0.4000000000000004,0.9123165130615236,0.028281206313656607,0.4000000000000004,-0.5123165130615228,0.42828120631365696,-0.9405977193751798,0.5123165130615228,0.42828120631365696,0.9405977193751798
1LSE,A,ASP,101,4.1473731994628915,4.1296055759015715,4.09,3.7,0.4473731994628905,0.4296055759015713,0.3899999999999997,0.4473731994628905,0.4296055759015713,0.3899999999999997,0.057373199462891655,0.039605575901571655,0.01776762356132,0.057373199462891655,0.039605575901571655,0.01776762356132
1HNG,A,ASP,94,3.520594835281372,2.891502904268676,3.87,3.7,-0.1794051647186281,-0.8084970957313242,0.16999999999999993,0.1794051647186281,0.8084970957313242,0.16999999999999993,-0.34940516471862804,-0.9784970957313242,0.6290919310126961,0.34940516471862804,0.9784970957313242,0.6290919310126961
1BVI,B,ASP,15,2.7934463024139404,3.073337467240817,3.52,3.7,-0.9065536975860596,-0.6266625327591829,-0.18000000000000016,0.9065536975860596,0.6266625327591829,0.18000000000000016,-0.7265536975860596,-0.4466625327591829,-0.2798911648268767,0.7265536975860596,0.4466625327591829,0.2798911648268767
1EGF,A,ASP,27,3.273439645767212,3.9766415027656383,4.0,3.7,-0.42656035423278826,0.2766415027656381,0.2999999999999998,0.42656035423278826,0.2766415027656381,0.2999999999999998,-0.7265603542327881,-0.023358497234361675,-0.7032018569984264,0.7265603542327881,0.023358497234361675,0.7032018569984264
1DE3,A,ASP,85,3.230790376663208,3.292700549595992,3.8,3.7,-0.4692096233367922,-0.4072994504040084,0.09999999999999963,0.4692096233367922,0.4072994504040084,0.09999999999999963,-0.5692096233367918,-0.507299450404008,-0.06191017293278378,0.5692096233367918,0.507299450404008,0.06191017293278378
135L,A,ASP,52,5.137567520141602,4.281022439914956,3.78,3.7,1.4375675201416014,0.5810224399149561,0.07999999999999963,1.4375675201416014,0.5810224399149561,0.07999999999999963,1.3575675201416018,0.5010224399149563,0.8565450802266454,1.3575675201416018,0.5010224399149563,0.8565450802266454
1KF3,A,ASP,53,4.036544322967528,3.646845669272536,3.7,3.7,0.3365443229675291,-0.05315433072746467,0.0,0.3365443229675291,0.05315433072746467,0.0,0.33654432296752823,-0.05315433072746423,0.38969865369499246,0.33654432296752823,0.05315433072746423,0.38969865369499246
1EGF,A,ASP,40,2.1366701126098637,3.3505146245699198,3.6,3.7,-1.5633298873901371,-0.3494853754300804,-0.10000000000000007,1.5633298873901371,0.3494853754300804,0.10000000000000007,-1.4633298873901364,-0.24948537543008031,-1.213844511960056,1.4633298873901364,0.24948537543008031,1.213844511960056
1LSE,A,ASP,119,2.5343170166015625,2.806026572539392,3.2,3.7,-1.1656829833984377,-0.8939734274606081,-0.5,1.1656829833984377,0.8939734274606081,0.5,-0.6656829833984377,-0.39397342746060815,-0.2717095559378295,0.6656829833984377,0.39397342746060815,0.2717095559378295
1YGW,A,ASP,29,3.5353374481201167,4.4182112478386255,4.26,3.7,-0.164662551879883,0.7182112478386253,0.5599999999999996,0.164662551879883,0.7182112478386253,0.5599999999999996,-0.724662551879883,0.15821124783862572,-0.8828737997185088,0.724662551879883,0.15821124783862572,0.8828737997185088
1ERT,A,ASP,16,4.293958663940431,4.04107039565471,3.7,3.7,0.5939586639404295,0.3410703956547101,0.0,0.5939586639404295,0.3410703956547101,0.0,0.5939586639404304,0.3410703956547101,0.2528882682857203,0.5939586639404304,0.3410703956547101,0.2528882682857203
1BHC,J,ASP,50,2.936669111251831,2.210900361765865,3.4,3.7,-0.7633308887481691,-1.4890996382341353,-0.3000000000000003,0.7633308887481691,1.4890996382341353,0.3000000000000003,-0.46333088874816886,-1.189099638234135,0.7257687494859661,0.46333088874816886,1.189099638234135,0.7257687494859661
1H4G,B,ASP,15,3.2248506546020512,2.2216331558033686,3.35,3.7,-0.4751493453979494,-1.4783668441966316,-0.3500000000000001,0.4751493453979494,1.4783668441966316,0.3500000000000001,-0.12514934539794886,-1.1283668441966315,1.0032174987986826,0.12514934539794886,1.1283668441966315,1.0032174987986826
1GB1,A,ASP,22,2.9189243316650386,2.1271432624492843,2.9,3.7,-0.7810756683349611,-1.5728567375507159,-0.8000000000000003,0.7810756683349611,1.5728567375507159,0.8000000000000003,0.018924331665038707,-0.7728567375507156,0.7917810692157543,0.018924331665038707,0.7728567375507156,0.7917810692157543
1YGW,A,ASP,49,3.4037389755249023,3.985655267635227,4.22,3.7,-0.29626102447509783,0.28565526763522664,0.5199999999999996,0.29626102447509783,0.28565526763522664,0.5199999999999996,-0.8162610244750974,-0.23434473236477293,-0.5819162921103245,0.8162610244750974,0.23434473236477293,0.5819162921103245
135L,A,ASP,119,2.5562565326690674,1.7204111772851842,3.35,3.7,-1.1437434673309328,-1.979588822714816,-0.3500000000000001,1.1437434673309328,1.979588822714816,0.3500000000000001,-0.7937434673309327,-1.6295888227148159,0.8358453553838832,0.7937434673309327,1.6295888227148159,0.8358453553838832
1QH7,A,ASP,12,3.1042914390563965,3.2339050846849893,3.94,3.7,-0.5957085609436037,-0.4660949153150109,0.23999999999999974,0.5957085609436037,0.4660949153150109,0.23999999999999974,-0.8357085609436035,-0.7060949153150107,-0.1296136456285928,0.8357085609436035,0.7060949153150107,0.1296136456285928
