PDB ID,Chain,Res Name,Res ID,Pre pKa,Cal pKa,Expt pKa,model pKa,Pre pKa shift,Cal pKa shift,Expt pKa shift,|Pre pKa shift|,|Cal pKa shift|,|Expt pKa shift|,Pre - Expt pKa,Cal - Expt pKa,Pre - Cal pKa,|Pre - Expt pKa|,|Cal - Expt pKa|,|Pre - Cal pKa|
1EX3,A,ASP,102,2.919116973876953,5.62864696943792,1.36,3.7,-0.780883026123047,1.9286469694379198,-2.34,0.780883026123047,1.9286469694379198,2.34,1.559116973876953,4.26864696943792,-2.709529995560967,1.559116973876953,4.26864696943792,2.709529995560967
1ERT,A,ASP,26,7.641218185424805,7.95893033763333,9.9,3.7,3.941218185424805,4.2589303376333305,6.2,3.941218185424805,4.2589303376333305,6.2,-2.2587818145751957,-1.9410696623666706,-0.3177121522085251,2.2587818145751957,1.9410696623666706,0.3177121522085251
1LNI,A,ASP,79,4.989680290222168,5.363442178639255,7.37,3.7,1.2896802902221678,1.6634421786392553,3.67,1.2896802902221678,1.6634421786392553,3.67,-2.380319709777832,-2.0065578213607447,-0.37376188841708746,2.380319709777832,2.0065578213607447,0.37376188841708746
1A91,A,ASP,61,4.581637382507324,4.581524936601476,7.1,3.7,0.881637382507324,0.8815249366014761,3.3999999999999995,0.881637382507324,0.8815249366014761,3.3999999999999995,-2.5183626174926754,-2.5184750633985233,0.00011244590584791325,2.5183626174926754,2.5184750633985233,0.00011244590584791325
1LSE,A,ASP,48,2.760316133499145,1.9085270309101965,1.6,3.7,-0.9396838665008548,-1.7914729690898037,-2.1,0.9396838665008548,1.7914729690898037,2.1,1.160316133499145,0.3085270309101964,0.8517891025889486,1.160316133499145,0.3085270309101964,0.8517891025889486
1LSE,A,ASP,87,2.7120440006256104,2.023375212249189,2.07,3.7,-0.9879559993743898,-1.6766247877508111,-1.6300000000000003,0.9879559993743898,1.6766247877508111,1.6300000000000003,0.6420440006256105,-0.0466247877508108,0.6886687883764213,0.6420440006256105,0.0466247877508108,0.6886687883764213
1KF3,A,ASP,38,2.8970022201538086,2.813888844231456,2.1,3.7,-0.8029977798461916,-0.8861111557685444,-1.6,0.8029977798461916,0.8861111557685444,1.6,0.7970022201538085,0.7138888442314557,0.0831133759223528,0.7970022201538085,0.7138888442314557,0.0831133759223528
1ERT,A,ASP,61,4.315611839294434,4.076540186375515,5.3,3.7,0.6156118392944334,0.3765401863755145,1.5999999999999996,0.6156118392944334,0.3765401863755145,1.5999999999999996,-0.9843881607055662,-1.2234598136244852,0.23907165291891896,0.9843881607055662,1.2234598136244852,0.23907165291891896
1A91,A,ASP,7,4.193949222564696,4.4490814752255545,5.6,3.7,0.4939492225646971,0.7490814752255543,1.8999999999999997,0.4939492225646971,0.7490814752255543,1.8999999999999997,-1.4060507774353033,-1.1509185247744451,-0.25513225266085815,1.4060507774353033,1.1509185247744451,0.25513225266085815
1A91,A,ASP,44,3.2403407096862797,3.7697055885169495,5.6,3.7,-0.4596592903137209,0.0697055885169493,1.8999999999999997,0.4596592903137209,0.0697055885169493,1.8999999999999997,-2.35965929031372,-1.8302944114830502,-0.5293648788306697,2.35965929031372,1.8302944114830502,0.5293648788306697
1LZ3,A,ASP,18,2.3899104595184326,1.4246441291367402,2.68,3.7,-1.3100895404815676,-2.2753558708632595,-1.02,1.3100895404815676,2.2753558708632595,1.02,-0.29008954048156754,-1.25535587086326,0.9652663303816924,0.29008954048156754,1.25535587086326,0.9652663303816924
2OVO,A,ASP,27,3.123021364212036,4.958878794076862,2.3,3.7,-0.576978635787964,1.2588787940768622,-1.4000000000000004,0.576978635787964,1.2588787940768622,1.4000000000000004,0.8230213642120363,2.6588787940768626,-1.8358574298648263,0.8230213642120363,2.6588787940768626,1.8358574298648263
1BNZ,A,ASP,35,2.936192989349365,1.868446939568453,2.67,3.7,-0.7638070106506349,-1.8315530604315469,-1.0300000000000002,0.7638070106506349,1.8315530604315469,1.0300000000000002,0.26619298934936486,-0.8015530604315468,1.0677460497809117,0.26619298934936486,0.8015530604315468,1.0677460497809117
2OVO,A,ASP,7,2.788307905197144,2.665213276512912,2.67,3.7,-0.9116920948028566,-1.034786723487088,-1.0300000000000002,0.9116920948028566,1.034786723487088,1.0300000000000002,0.11830790519714407,-0.004786723487087752,0.12309462868423182,0.11830790519714407,0.004786723487087752,0.12309462868423182
1TRS,A,ASP,61,4.1257195472717285,3.7410343930104064,5.2,3.7,0.4257195472717283,0.04103439301040624,1.5,0.4257195472717283,0.04103439301040624,1.5,-1.0742804527282717,-1.4589656069895938,0.3846851542613221,1.0742804527282717,1.4589656069895938,0.3846851542613221
1EX3,A,ASP,194,5.839210033416747,2.034884787040056,2.29,3.7,2.139210033416748,-1.665115212959944,-1.41,2.139210033416748,1.665115212959944,1.41,3.549210033416747,-0.2551152129599439,3.804325246376691,3.549210033416747,0.2551152129599439,3.804325246376691
1BNZ,A,ASP,16,2.833371639251709,2.632405801864444,2.62,3.7,-0.8666283607482912,-1.067594198135556,-1.08,0.8666283607482912,1.067594198135556,1.08,0.21337163925170888,0.012405801864443955,0.20096583738726492,0.21337163925170888,0.012405801864443955,0.20096583738726492
1LSE,A,ASP,18,3.0160236358642583,2.032886214766136,2.66,3.7,-0.6839763641357424,-1.6671137852338642,-1.04,0.6839763641357424,1.6671137852338642,1.04,0.3560236358642581,-0.6271137852338642,0.9831374210981223,0.3560236358642581,0.6271137852338642,0.9831374210981223
1XNB,A,ASP,11,3.059617280960083,3.0283178683687524,2.5,3.7,-0.6403827190399172,-0.6716821316312478,-1.2000000000000002,0.6403827190399172,0.6716821316312478,1.2000000000000002,0.559617280960083,0.5283178683687524,0.03129941259133062,0.559617280960083,0.5283178683687524,0.03129941259133062
135L,A,ASP,18,2.5959935188293457,1.3994160116751146,2.68,3.7,-1.1040064811706545,-2.3005839883248846,-1.02,1.1040064811706545,2.3005839883248846,1.02,-0.08400648117065446,-1.2805839883248855,1.196577507154231,0.08400648117065446,1.2805839883248855,1.196577507154231
1YGW,A,ASP,49,3.40373969078064,3.985655267635227,4.22,3.7,-0.2962603092193605,0.28565526763522664,0.5199999999999996,0.2962603092193605,0.28565526763522664,0.5199999999999996,-0.8162603092193597,-0.23434473236477293,-0.5819155768545867,0.8162603092193597,0.23434473236477293,0.5819155768545867
1XNB,A,ASP,106,5.015057563781738,3.5583842171987117,2.7,3.7,1.3150575637817379,-0.1416157828012885,-1.0,1.3150575637817379,0.1416157828012885,1.0,2.315057563781738,0.8583842171987115,1.4566733465830266,2.315057563781738,0.8583842171987115,1.4566733465830266
1CDC,A,ASP,71,3.4749164581298833,3.0212975742888446,3.18,3.7,-0.22508354187011734,-0.6787024257111556,-0.52,0.22508354187011734,0.6787024257111556,0.52,0.2949164581298831,-0.15870242571115556,0.45361888384103866,0.2949164581298831,0.15870242571115556,0.45361888384103866
1SAP,A,ASP,36,3.125397205352783,2.9672459476975184,3.12,3.7,-0.574602794647217,-0.7327540523024818,-0.5800000000000001,0.574602794647217,0.7327540523024818,0.5800000000000001,0.0053972053527830965,-0.15275405230248174,0.15815125765526483,0.0053972053527830965,0.15275405230248174,0.15815125765526483
2IGH,A,ASP,45,4.2816381454467765,3.2140838474073496,4.4,3.7,0.5816381454467772,-0.4859161525926505,0.7000000000000002,0.5816381454467772,0.4859161525926505,0.7000000000000002,-0.1183618545532239,-1.1859161525926507,1.0675542980394268,0.1183618545532239,1.1859161525926507,1.0675542980394268
1SAP,A,ASP,16,1.9952658414840696,2.1407267409145034,2.89,3.7,-1.7047341585159304,-1.5592732590854967,-0.81,1.7047341585159304,1.5592732590854967,0.81,-0.8947341585159305,-0.7492732590854967,-0.14546089943043383,0.8947341585159305,0.7492732590854967,0.14546089943043383
2QMT,A,ASP,22,2.2954204082489014,2.0900363950011984,2.9,3.7,-1.4045795917510988,-1.6099636049988018,-0.8000000000000003,1.4045795917510988,1.6099636049988018,0.8000000000000003,-0.6045795917510985,-0.8099636049988015,0.20538401324770295,0.6045795917510985,0.8099636049988015,0.20538401324770295
1KF3,A,ASP,121,3.945734024047852,2.5108766955369464,3.0,3.7,0.24573402404785136,-1.1891233044630538,-0.7000000000000002,0.24573402404785136,1.1891233044630538,0.7000000000000002,0.945734024047852,-0.48912330446305363,1.4348573285109056,0.945734024047852,0.48912330446305363,1.4348573285109056
1LNI,A,ASP,93,3.8353521823883057,3.4774267577806364,3.09,3.7,0.1353521823883055,-0.2225732422193638,-0.6100000000000003,0.1353521823883055,0.2225732422193638,0.6100000000000003,0.7453521823883058,0.3874267577806365,0.3579254246076693,0.7453521823883058,0.3874267577806365,0.3579254246076693
4ICB,A,ASP,47,2.901026725769043,2.688004146486913,3.04,3.7,-0.7989732742309572,-1.011995853513087,-0.6600000000000001,0.7989732742309572,1.011995853513087,0.6600000000000001,-0.13897327423095707,-0.35199585351308693,0.21302257928212986,0.13897327423095707,0.35199585351308693,0.21302257928212986
1BVI,B,ASP,49,3.785644054412842,3.763820611296497,4.22,3.7,0.08564405441284162,0.06382061129649674,0.5199999999999996,0.08564405441284162,0.06382061129649674,0.5199999999999996,-0.43435594558715795,-0.45617938870350283,0.021823443116344876,0.43435594558715795,0.45617938870350283,0.021823443116344876
1BVI,B,ASP,29,4.459332942962647,4.4970074786129315,4.26,3.7,0.7593329429626463,0.7970074786129313,0.5599999999999996,0.7593329429626463,0.7970074786129313,0.5599999999999996,0.19933294296264759,0.2370074786129317,-0.03767453565028411,0.19933294296264759,0.2370074786129317,0.03767453565028411
1IGC,A,ASP,27,2.515818357467652,1.8435590226833336,2.9,3.7,-1.1841816425323488,-1.8564409773166664,-0.8000000000000003,1.1841816425323488,1.8564409773166664,0.8000000000000003,-0.3841816425323481,-1.0564409773166663,0.6722593347843182,0.3841816425323481,1.0564409773166663,0.6722593347843182
1IG5,A,ASP,47,3.0942287445068364,3.7243543940244783,3.04,3.7,-0.6057712554931642,0.024354394024478143,-0.6600000000000001,0.6057712554931642,0.024354394024478143,0.6600000000000001,0.054228744506836346,0.6843543940244783,-0.6301256495176419,0.054228744506836346,0.6843543940244783,0.6301256495176419
2QMT,A,ASP,40,3.5089528560638428,2.9471184668478947,4.0,3.7,-0.1910471439361574,-0.7528815331521055,0.2999999999999998,0.1910471439361574,0.7528815331521055,0.2999999999999998,-0.4910471439361572,-1.0528815331521053,0.5618343892159481,0.4910471439361572,1.0528815331521053,0.5618343892159481
1HNG,A,ASP,25,3.2373049259185787,3.345091165689322,3.53,3.7,-0.4626950740814211,-0.3549088343106783,-0.17000000000000035,0.4626950740814211,0.3549088343106783,0.17000000000000035,-0.29269507408142115,-0.18490883431067795,-0.1077862397707432,0.29269507408142115,0.18490883431067795,0.1077862397707432
1ERT,A,ASP,60,4.000903606414795,2.5224103335216137,4.2,3.7,0.30090360641479474,-1.1775896664783865,0.5,0.30090360641479474,1.1775896664783865,0.5,-0.19909639358520526,-1.6775896664783865,1.4784932728931812,0.19909639358520526,1.6775896664783865,1.4784932728931812
1LZ3,A,ASP,119,2.5218000411987305,1.7809502493041132,3.35,3.7,-1.1781999588012697,-1.919049750695887,-0.3500000000000001,1.1781999588012697,1.919049750695887,0.3500000000000001,-0.8281999588012696,-1.569049750695887,0.7408497918946173,0.8281999588012696,1.569049750695887,0.7408497918946173
1TRS,A,ASP,60,3.8126497268676762,2.2474108385546483,3.9,3.7,0.1126497268676756,-1.4525891614453519,0.19999999999999973,0.1126497268676756,1.4525891614453519,0.19999999999999973,-0.08735027313232369,-1.6525891614453516,1.565238888313028,0.08735027313232369,1.6525891614453516,1.565238888313028
1YGW,A,ASP,15,4.288846969604491,2.7875825124478464,3.52,3.7,0.588846969604492,-0.9124174875521538,-0.18000000000000016,0.588846969604492,0.9124174875521538,0.18000000000000016,0.7688469696044913,-0.7324174875521536,1.501264457156645,0.7688469696044913,0.7324174875521536,1.501264457156645
1ERT,A,ASP,16,4.293958663940431,4.04107039565471,3.7,3.7,0.5939586639404295,0.3410703956547101,0.0,0.5939586639404295,0.3410703956547101,0.0,0.5939586639404304,0.3410703956547101,0.2528882682857203,0.5939586639404304,0.3410703956547101,0.2528882682857203
1BNI,B,ASP,12,4.124584674835205,4.017384296916166,3.8,3.7,0.4245846748352049,0.31738429691616604,0.09999999999999963,0.4245846748352049,0.31738429691616604,0.09999999999999963,0.32458467483520526,0.21738429691616634,0.10720037791903891,0.32458467483520526,0.21738429691616634,0.10720037791903891
1QH7,A,ASP,21,2.804640293121338,2.641023658951648,3.46,3.7,-0.8953597068786623,-1.0589763410483521,-0.2400000000000002,0.8953597068786623,1.0589763410483521,0.2400000000000002,-0.6553597068786621,-0.8189763410483519,0.16361663416968986,0.6553597068786621,0.8189763410483519,0.16361663416968986
2QMT,A,ASP,36,4.2227783203125,4.469025589352512,3.8,3.7,0.5227783203124998,0.7690255893525118,0.09999999999999963,0.5227783203124998,0.7690255893525118,0.09999999999999963,0.4227783203125002,0.6690255893525121,-0.24624726904001193,0.4227783203125002,0.6690255893525121,0.24624726904001193
1CDC,A,ASP,62,3.4183886051177983,3.686429132574651,4.15,3.7,-0.2816113948822023,-0.013570867425348965,0.4500000000000002,0.2816113948822023,0.013570867425348965,0.4500000000000002,-0.7316113948822021,-0.46357086742534914,-0.2680405274568529,0.7316113948822021,0.46357086742534914,0.2680405274568529
1CDC,A,ASP,94,3.054711103439331,3.059791011341681,3.87,3.7,-0.6452888965606691,-0.6402089886583191,0.16999999999999993,0.6452888965606691,0.6402089886583191,0.16999999999999993,-0.815288896560669,-0.810208988658319,-0.005079907902350023,0.815288896560669,0.810208988658319,0.005079907902350023
